,0,1
0,If Arsenal sign Vlahovic that’ll be the best signing they’ve made since Alexis Sanchez. Absolute worldly,positive
1,"RT @gabimartinelli: No More Red.
A very special shirt created to support young people to rise above youth violence. 🤍

@AdidasLondon @Arsen…",neu
2,Imagine Vlahovic and Isak 😭😭 man I'm deleting twitter Arsenal fans will be on madness https://t.co/uuV8Xqav7I,neu
3,Black Americans Arsenal January transfer window targets: Why Maitland-Niles is leaving &amp; how Gunners will replace h… https://t.co/YUNUsvWBuH,neg
4,@RicciGuarnaccio @SkySportsNews Would be pretty unforgivable if he went to Man United after being a Liverpool legen… https://t.co/wJTkBFnny9,positive
5,"@M4jid_24 @SandroCR71 @MUFC_redarmy99 No, we haven’t got better but we haven’t got worse.. last season was deceivin… https://t.co/RXdOvfe1u8",neu
6,"RT @Arsenal: Last year, 30 teenagers were murdered in London – the highest number in a single year since records began. 

No More Red is ou…",neu
7,"@Arsenal Arsenal spend 2million a week on wages..
If players sacrificed 1 weeks wages you could hire 10 football pi… https://t.co/WOdH0aWBiG",neu
8,RT @savprods: Here’s why Arsenal must sign Dusan Vlahovic… https://t.co/33zRVQGuSy,neu
9,RT @FabrizioRomano: Bruno Guimarães situation. OL won’t accept less than €45m fee to sell Bruno in January - definitely not easy. OL are al…,neg
10,RT @Thecannonuk: Bruno Guimarães situation. OL won’t accept less than €45m fee to sell Bruno in January - definitely not easy. OL are also…,neg
11,"RT @charles_watts: “We have to maximise every window. Edu and his team are working hard.”

Mikel Arteta says Arsenal ‘are open’ to making a…",neu
12,"RT @em_sandy: Jonas Eidevall on Arsenal on transfer window: “We definitely have ambitions to be active in this window.”

Asked by @Stillber…",neu
13,RT @FabrizioRomano: Bruno Guimarães situation. OL won’t accept less than €45m fee to sell Bruno in January - definitely not easy. OL are al…,neg
